Автомобильные шины;Achilles;ATR Sport 215/55R17 98W;1730400;BYR;Доставка по всей Беларуси. Скидка на шиномонтаж. Гарантия.;Achilles;Мосавтошина;нет;12;4;40000;4;150000;под заказ;нет;нет 
Автомобильные шины;Achilles;Desert Hawk H/T 225/65R17 102H;1545600;BYR;Доставка по всей Беларуси. Скидка на шиномонтаж. Гарантия.;Achilles;Мосавтошина;нет;12;4;40000;4;150000;под заказ;нет;нет 
Автомобильные шины;Achilles;Desert Hawk H/T 265/70R16 112H;1970700;BYR;Доставка по всей Беларуси. Скидка на шиномонтаж. Гарантия.;Achilles;Мосавтошина;нет;12;4;40000;4;150000;под заказ;нет;нет 
Автомобильные магнитолы;Aeolus;AG02 Green Ace 155/70R13 75T;488900;BYR;Доставка по всей Беларуси. Скидка на шиномонтаж. Гарантия.;Aeolus;Мосавтошина;нет;12;4;40000;4;150000;под заказ;нет;нет 
Автомобильные шины;Aeolus;AG02 Green Ace 175/70R13 82T;515100;BYR;Доставка по всей Беларуси. Скидка на шиномонтаж. Гарантия.;Aeolus;Мосавтошина;нет;12;4;40000;4;150000;под заказ;нет;нет 
Автомобильные шины;Aeolus;AH01 Precesion Ace 175/65R14 82H;534600;BYR;Доставка по всей Беларуси. Скидка на шиномонтаж. Гарантия.;Aeolus;Мосавтошина;нет;12;4;40000;4;150000;под заказ;нет;нет 
Автомобильные шины;Aeolus;AH01 Precesion Ace 175/70R14 84T;560500;BYR;Доставка по всей Беларуси. Скидка на шиномонтаж. Гарантия.;Aeolus;Мосавтошина;нет;12;4;40000;4;150000;под заказ;нет;нет 
Автомобильные шины;Aeolus;AH01 Precesion Ace 185/60R14 82H;541000;BYR;Доставка по всей Беларуси. Скидка на шиномонтаж. Гарантия.;Aeolus;Мосавтошина;нет;12;4;40000;4;150000;под заказ;нет;нет 
Автомобильные шины;Aeolus;AH01 Precesion Ace 195/50R15 82V;723500;BYR;Доставка по всей Беларуси. Скидка на шиномонтаж. Гарантия.;Aeolus;Мосавтошина;нет;12;4;40000;4;150000;под заказ;нет;нет 
Автомобильные шины;Aeolus;AH01 Precesion Ace 195/55R15 85V;860500;BYR;Доставка по всей Беларуси. Скидка на шиномонтаж. Гарантия.;Aeolus;Мосавтошина;нет;12;4;40000;4;150000;под заказ;нет;нет 
Автомобильные шины;Aeolus;AH01 Precesion Ace 195/60R15 88H;717100;BYR;Доставка по всей Беларуси. Скидка на шиномонтаж. Гарантия.;Aeolus;Мосавтошина;нет;12;4;40000;4;150000;под заказ;нет;нет 
Автомобильные шины;Aeolus;AH01 Precesion Ace 195/65R15 91H;684500;BYR;Доставка по всей Беларуси. Скидка на шиномонтаж. Гарантия.;Aeolus;Мосавтошина;нет;12;4;40000;4;150000;под заказ;нет;нет 
Автомобильные шины;Aeolus;AH01 Precesion Ace 205/55R16 91V;818200;BYR;Доставка по всей Беларуси. Скидка на шиномонтаж. Гарантия.;Aeolus;Мосавтошина;нет;12;4;40000;4;150000;под заказ;нет;нет 
Автомобильные шины;Aeolus;AH01 Precesion Ace 205/60R15 91H;782300;BYR;Доставка по всей Беларуси. Скидка на шиномонтаж. Гарантия.;Aeolus;Мосавтошина;нет;12;4;40000;4;150000;под заказ;нет;нет 
Автомобильные шины;Aeolus;AH01 Precesion Ace 205/65R15 94H;697600;BYR;Доставка по всей Беларуси. Скидка на шиномонтаж. Гарантия.;Aeolus;Мосавтошина;нет;12;4;40000;4;150000;под заказ;нет;нет 
Автомобильные шины;Aeolus;AH01 Precesion Ace 225/55R16 95W;1238500;BYR;Доставка по всей Беларуси. Скидка на шиномонтаж. Гарантия.;Aeolus;Мосавтошина;нет;12;4;40000;4;150000;под заказ;нет;нет 
Автомобильные шины;Aeolus;AL01 Trans Ace 195/80R14C 106/104R;1119600;BYR;Доставка по всей Беларуси. Скидка на шиномонтаж. Гарантия.;Aeolus;Мосавтошина;нет;12;4;40000;4;150000;под заказ;нет;нет 
Автомобильные шины;Aeolus;AL01 Trans Ace 225/75R16C 121/120R;1709600;BYR;Доставка по всей Беларуси. Скидка на шиномонтаж. Гарантия.;Aeolus;Мосавтошина;нет;12;4;40000;4;150000;под заказ;нет;нет 
Автомобильные шины;Aeolus;AL01 Trans Ace 235/65R16C 115r/113R;1797000;BYR;Доставка по всей Беларуси. Скидка на шиномонтаж. Гарантия.;Aeolus;Мосавтошина;нет;12;4;40000;4;150000;под заказ;нет;нет 
Автомобильные шины;Aeolus;AS02 Cross Ace 205/70R15 96H;994300;BYR;Доставка по всей Беларуси. Скидка на шиномонтаж. Гарантия.;Aeolus;Мосавтошина;нет;12;4;40000;4;150000;под заказ;нет;нет
